year,salary,award
2002,60182.783615316118,5
2003,62015.69654676259,4
2004,61942.348882620959,4
2005,61942.348882620959,4
2006,70243.065004324013,8
2007,72148.680703277621,13
2008,73078.770459081836,15
2009,73426.899803238989,17
2010,79108.623966942149,18
2011,81228.752091800143,13
